Month Created,Date Created,Time Created,Syncing Date,Latitude,Longitude,ChildCount,AnswerCode,RegionName,ProjectName,UserName,FormName,SpeciesName,WardLocation,GpsDeleted,Accuracy,surveyor_name,household_details_link,finish_time,comments, disctrict_selection,ward_bitiama,village_bitiama,subvillage_bitiama,ward_tarime,village_tarime,subvillage_tarime,ward_rorya,village_rorya,subvillage_rorya
Jul,09/07/2020,12:59 PM,09/07/2020,-1.1454313,34.0609358,10,R-080720194109-1220-1,Mara,Mara,Ahmed Lugelo,Randomized Household Survey 4,Human,,No,4334,Ahmed Lugelo,"R-080720194448-1220-1,R-090720104309-1220-2,R-090720110233-1220-3,R-090720112242-1220-4,R-090720113728-1220-5,R-090720115424-1220-6,R-090720120613-1220-7,R-090720121558-1220-8,R-090720123724-1220-9,R-090720125131-1220-10",12:59,,Rorya,,,,,,,Tai,Nyahera,Rabour
Jul,09/07/2020,3:45 PM,09/07/2020,-1.1282489,34.0705864,10,R-090720133415-1220-2,Mara,Mara,Ahmed Lugelo,Randomized Household Survey 4,Human,,No,3.357,Ahmed Lugole,"R-090720133444-1220-11,R-090720134018-1220-12,R-090720135505-1220-13,R-090720140819-1220-14,R-090720142040-1220-15,R-090720143909-1220-16,R-090720144632-1220-17,R-090720150650-1220-18,R-090720151956-1220-19,R-090720153525-1220-20",15:45,,Rorya,,,,,,,Tai,Nyahera,Nyahera
Jul,09/07/2020,6:25 PM,09/07/2020,-1.12359,34.0951867,10,R-090720162500-1220-3,Mara,Mara,Ahmed Lugelo,Randomized Household Survey 4,Human,,No,6.926,Ahmed Lugelo,"R-090720162535-1220-21,R-090720163024-1220-22,R-090720163842-1220-23,R-090720165351-1220-24,R-090720171134-1220-25,R-090720172352-1220-26,R-090720173356-1220-27,R-090720174547-1220-28,R-090720175620-1220-29,R-090720180749-1220-30",18:25,,Rorya,,,,,,,Tai,Nyahera,Center
Jul,10/07/2020,12:05 PM,10/07/2020,-1.1292833,34.0581533,10,R-100720092908-1220-4,Mara,Mara,Ahmed Lugelo,Randomized Household Survey 4,Human,,No,989.77,Ahmed Lugelo,"R-100720092937-1220-31,R-100720093336-1220-32,R-100720095040-1220-33,R-100720100301-1220-34,R-100720101936-1220-35,R-100720102937-1220-36,R-100720105327-1220-37,R-100720105611-1220-38,R-100720111032-1220-39,R-100720113200-1220-40",12:05,,Rorya,,,,,,,Tai,Nyamagongo,Nyamsarwa
Jul,10/07/2020,2:28 PM,10/07/2020,-1.1454313,34.0609358,10,R-100720123810-1220-5,Mara,Mara,Ahmed Lugelo,Randomized Household Survey 4,Human,,No,4334,Ahmed Lugelo,"R-100720123841-1220-41,R-100720124205-1220-42,R-100720125623-1220-43,R-100720130736-1220-44,R-100720131924-1220-45,R-100720133335-1220-46,R-100720134046-1220-47,R-100720135521-1220-48,R-100720141119-1220-49,R-100720142016-1220-50",14:28,,Rorya,,,,,,,Tai,Nyamagongo,Makao
Jul,10/07/2020,5:24 PM,10/07/2020,-1.1610881,34.0380395,10,R-100720151104-1220-6,Mara,Mara,Ahmed Lugelo,Randomized Household Survey 4,Human,,No,2238,Ahmed Lugelo,"R-100720151130-1220-51,R-100720151815-1220-52,R-100720152432-1220-53,R-100720154046-1220-54,R-100720155822-1220-55,R-100720161101-1220-56,R-100720163417-1220-57,R-100720164824-1220-58,R-100720165710-1220-59,R-100720171049-1220-60",17:24,,Rorya,,,,,,,Tai,Nyamagongo,Oboke
Jul,11/07/2020,8:22 AM,11/07/2020,-1.1073367,34.042365,10,R-110720065939-1220-7,Mara,Mara,Ahmed Lugelo,Randomized Household Survey 4,Human,,No,9.2,Ahmed Lugelo,"R-110720070007-1220-61,R-110720070113-1220-62,R-110720071124-1220-63,R-110720071948-1220-64,R-110720073109-1220-65,R-110720073901-1220-66,R-110720074611-1220-67,R-110720075453-1220-68,R-110720080118-1220-69,R-110720080840-1220-70",08:30,,Rorya,,,,,,,Tai,Masonga,Masonga
Jul,16/07/2020,12:29 PM,16/07/2020,-1.1161767,34.0544681,10,R-120720195414-1220-8,Mara,Mara,Ahmed Lugelo,Randomized Household Survey 4,Human,,No,97.794,Ahmed Lugelo,"R-120720195450-1220-71,R-160720101754-1220-72,R-160720103513-1220-73,R-160720105122-1220-74,R-160720110521-1220-75,R-160720111609-1220-76,R-160720112611-1220-77,R-160720113353-1220-78,R-160720115036-1220-79,R-160720122320-1220-80",12:30,,Rorya,,,,,,,Tai,Masonga,NyamogoBugoge
Jul,16/07/2020,5:31 PM,16/07/2020,-1.1050176,34.0344165,9,R-160720152623-1220-9,Mara,Mara,Ahmed Lugelo,Randomized Household Survey 4,Human,,No,181.699,ahmed Lugelo,"R-160720152707-1220-81,R-160720153038-1220-82,R-160720153936-1220-83,R-160720154753-1220-84,R-160720160212-1220-85,R-160720161247-1220-86,R-160720163209-1220-87,R-160720165106-1220-88,R-160720170528-1220-89,R-160720171624-1220-90",17:31,,Rorya,,,,,,,Tai,Masonga,NyamogoBugoge
Jul,18/07/2020,1:22 PM,18/07/2020,-1.1253033,34.00601,10,R-180720104829-1220-12,Mara,Mara,Ahmed Lugelo,Randomized Household Survey 4,Human,,No,11.3,Ahmed Lugelo,"R-180720104858-1220-111,R-180720105451-1220-112,R-180720110757-1220-113,R-180720111801-1220-114,R-180720113926-1220-115,R-180720115914-1220-116,R-180720120725-1220-117,R-180720121920-1220-118,R-180720123450-1220-119,R-180720124254-1220-120",13:22,,Rorya,,,,,,,Tai,Shirati_Sota,Magamaga
Jul,17/07/2020,5:06 PM,18/07/2020,-1.122015,33.98572,10,R-170720151932-1220-11,Mara,Mara,Ahmed Lugelo,Randomized Household Survey 4,Human,,No,79.297,Ahmed Lugelo,"R-170720152002-1220-101,R-170720152931-1220-102,R-170720153548-1220-103,R-170720155311-1220-104,R-170720160140-1220-105,R-170720162618-1220-106,R-170720163432-1220-107,R-170720164258-1220-108,R-170720165017-1220-109,R-170720165900-1220-110",17:06,,Rorya,,,,,,,Tai,Shirati_Sota,Sota
Jul,17/07/2020,3:13 PM,18/07/2020,-1.1528031,34.0164446,10,R-170720133703-1220-10,Mara,Mara,Ahmed Lugelo,Randomized Household Survey 4,Human,,No,4819,Ahmed Lugelo,"R-170720133732-1220-91,R-170720134212-1220-92,R-170720135040-1220-93,R-170720140019-1220-94,R-170720141124-1220-95,R-170720142138-1220-96,R-170720143020-1220-97,R-170720144041-1220-98,R-170720145405-1220-99,R-170720150433-1220-100",15:13,,Rorya,,,,,,,Tai,Shirati_Sota,Gingo
Jul,22/07/2020,1:34 PM,22/07/2020,-1.0617107,34.1142797,4,R-221019105824-1220-1,Mara,Mara,Ahmed Lugelo,Randomized Household Survey 4,Human,,No,19.296,Ahmed,"R-240220131423-1220-1,R-220720112444-1220-2,R-220720113319-1220-3,R-220720114623-1220-4,R-220720121539-1220-5,R-220720122918-1220-6,R-220720124630-1220-7,R-220720130043-1220-8,R-220720131338-1220-9,R-220720132758-1220-10",13:33,,Rorya,,,,,,,Bukura,Kirongwe,Lwana-agago
Jul,22/07/2020,4:53 PM,22/07/2020,-1.0652204,34.1193644,10,R-220720133408-1220-2,Mara,Mara,Ahmed Lugelo,Randomized Household Survey 4,Human,,No,8.576,Ahme Lugelo,"R-220720141030-1220-11,R-220720142655-1220-12,R-220720143650-1220-13,R-220720145438-1220-14,R-220720151017-1220-15,R-220720153549-1220-16,R-220720155429-1220-17,R-220720155827-1220-18,R-220720160849-1220-19,R-220720164920-1220-20",16:53,,Rorya,,,,,,,Bukura,Kirongwe,Nyarero
Jul,22/07/2020,7:09 PM,22/07/2020,-1.0405077,34.0845306,10,R-220720172134-1220-3,Mara,Mara,Ahmed Lugelo,Randomized Household Survey 4,Human,,No,6.118,Ahmed Lugelo,"R-220720172206-1220-21,R-220720173543-1220-22,R-220720174510-1220-23,R-220720175445-1220-24,R-220720180431-1220-25,R-220720181255-1220-26,R-220720182551-1220-27,R-220720183732-1220-28,R-220720184612-1220-29,R-220720190443-1220-30",19:08,,Rorya,,,,,,,Bukura,Kirongwe,Lwala
Jul,01/07/2020,5:40 PM,27/07/2020,-3.3700694,36.6939696,2,R-010720171659-2867-2,Mara,Mara,Hussein Hassan,Randomized Household Survey 4,Human,,No,18.757,Hussein ,R-010720171723-2867-2,17:17,,Butiama,Masaba,Bisarye,Nyakagena,,,,,,
Jul,01/07/2020,5:40 PM,27/07/2020,-3.3700694,36.6939696,2,R-010720171659-2867-2,Mara,Mara,Hussein Hassan,Randomized Household Survey 4,Human,,No,18.757,Hussein ,R-010720171723-2867-2,17:17,,Butiama,Masaba,Bisarye,Nyakagena,,,,,,
Jul,01/07/2020,5:16 PM,27/07/2020,-3.370091,36.6939876,2,R-290620141252-2867-1,Mara,Mara,Hussein Hassan,Randomized Household Survey 4,Human,,No,19.161,Hussein ,R-290620141450-2867-1,17:15,,Butiama,Masaba,Bisarye,Matarura,,,,,,
Jul,01/07/2020,5:16 PM,27/07/2020,-3.370091,36.6939876,2,R-290620141252-2867-1,Mara,Mara,Hussein Hassan,Randomized Household Survey 4,Human,,No,19.161,Hussein ,R-290620141450-2867-1,17:15,,Butiama,Masaba,Bisarye,Matarura,,,,,,
Jul,28/07/2020,4:15 PM,28/07/2020,-1.1383942,34.1167885,10,R-280720124749-2867-5,Mara,Mara,Hussein Hassan,Randomized Household Survey 4,Human,,No,5,Hussein Hassan ,"R-280720124935-2867-13,R-280720125812-2867-14,R-280720131745-2867-15,R-280720133004-2867-16,R-280720135312-2867-17,R-280720140959-2867-18,R-280720144539-2867-19,R-280720150533-2867-20,R-280720152815-2867-21,R-280720155051-2867-22",16:14,,Rorya,,,,,,,"Bukura,Bukura","Nyambori,Nyambori","Senta,Senta"
Jul,28/07/2020,12:36 PM,28/07/2020,-1.1235345,34.1055486,3,R-280720095435-2867-4,Mara,Mara,Hussein Hassan,Randomized Household Survey 4,Human,,No,9,Hussein Hassan ,"R-280720101026-2867-4,R-280720103146-2867-5,R-280720104845-2867-6,R-280720110607-2867-7,R-280720111524-2867-8,R-280720113010-2867-9,R-280720114835-2867-10,R-280720120434-2867-11,R-280720122102-2867-12",12:35,,Rorya,,,,,,,"Bukura,Bukura","Nyambori,Nyambori","Vunja Amri,Vunja Amri"
Jul,28/07/2020,4:09 PM,29/07/2020,-1.0762211,34.0774248,10,R-280720143922-1220-6,Mara,Mara,Ahmed Lugelo,Randomized Household Survey 4,Human,,No,16.037,Ahmed Lugelo,"R-280720143956-1220-51,R-280720145052-1220-52,R-280720150050-1220-53,R-280720150746-1220-54,R-280720151430-1220-55,R-280720152129-1220-56,R-280720153302-1220-57,R-280720154849-1220-58,R-280720155826-1220-59,R-280720160433-1220-60",16:10,,Rorya,,,,,,,"Bukura,Bukura","Bubombi,Bubombi","Anyuongi,Anyuongi"
Jul,28/07/2020,2:32 PM,29/07/2020,-1.0856735,34.0641942,10,R-280720124613-1220-5,Mara,Mara,Ahmed Lugelo,Randomized Household Survey 4,Human,,No,6.194,Ahmed Lugelo,"R-280720124711-1220-41,R-280720130034-1220-42,R-280720131711-1220-43,R-280720133140-1220-44,R-280720133916-1220-45,R-280720134646-1220-46,R-280720135911-1220-47,R-280720140823-1220-48,R-280720141952-1220-49,R-280720142821-1220-50",14:31,,Rorya,,,,,,,"Bukura,Bukura","Bubombi,Bubombi","Shuleni,Shuleni"
Jul,28/07/2020,12:46 PM,29/07/2020,-1.0910637,34.0595997,10,R-280720110442-1220-4,Mara,Mara,Ahmed Lugelo,Randomized Household Survey 4,Human,,No,2220.858,Ahmed Lugelo,"R-280720110518-1220-31,R-280720111626-1220-32,R-280720112337-1220-33,R-280720113335-1220-34,R-280720114724-1220-35,R-280720115922-1220-36,R-280720121002-1220-37,R-280720122130-1220-38,R-280720123005-1220-39,R-280720124035-1220-40",12:45,,Rorya,,,,,,,"Bukura,Bukura","Bubombi,Bubombi","Mtakuja,Mtakuja"
Jul,29/07/2020,1:00 PM,29/07/2020,-1.1631303,34.0283495,10,R-290720105346-1220-7,Mara,Mara,Ahmed Lugelo,Randomized Household Survey 4,Human,,No,28.469,Ahmed Lugelo,"R-290720105408-1220-61,R-290720110853-1220-62,R-290720112216-1220-63,R-290720113256-1220-64,R-290720114220-1220-65,R-290720115450-1220-66,R-290720120400-1220-67,R-290720121729-1220-68,R-290720125045-1220-69,R-290720125626-1220-70",13:00,,Rorya,,,,,,,Mkoma,Ngasaro,Parokia
Jul,29/07/2020,2:48 PM,29/07/2020,-1.1673883,34.0364187,10,R-290720130818-1220-8,Mara,Mara,Ahmed Lugelo,Randomized Household Survey 4,Human,,No,24.458,Ahmed Lugelo,"R-290720130847-1220-71,R-290720133008-1220-72,R-290720134209-1220-73,R-290720135158-1220-74,R-290720140128-1220-75,R-290720140949-1220-76,R-290720141820-1220-77,R-290720142505-1220-78,R-290720143153-1220-79,R-290720144218-1220-80",14:48,,Rorya,,,,,,,Mkoma,Ngasaro,Lamboni
Jul,29/07/2020,12:23 PM,29/07/2020,-1.1896773,34.114581,10,R-280720204436-976-1,Mara,Mara,Machunde Bigambo,Randomized Household Survey 4,Human,,No,9.648,Chunde,"R-280720204531-976-1,R-290720102024-976-2,R-290720103414-976-3,R-290720105752-976-4,R-290720110532-976-5,R-290720111736-976-6,R-290720113811-976-7,R-290720115144-976-8,R-290720115422-976-9,R-290720121656-976-10",12:24,,Rorya,,,,,,,Bukura,Bwiri,Bwiri A
Jul,29/07/2020,5:24 PM,29/07/2020,-1.1610039,34.0380164,10,R-290720151814-1220-9,Mara,Mara,Ahmed Lugelo,Randomized Household Survey 4,Human,,No,2245,Ahmed Lugelo,"R-290720151852-1220-81,R-290720153457-1220-82,R-290720154620-1220-83,R-290720155454-1220-84,R-290720160835-1220-85,R-290720162117-1220-86,R-290720163105-1220-87,R-290720164303-1220-88,R-290720170906-1220-89,R-290720171944-1220-90",17:25,,Rorya,,,,,,,Mkoma,Ngasaro,Rodi
Jul,30/07/2020,11:59 AM,30/07/2020,-1.1792478,34.1039759,9,R-290720125811-976-2,Mara,Mara,Machunde Bigambo,Randomized Household Survey 4,Human,,No,0,chunde,"R-290720125919-976-11,R-300720093846-976-12,R-300720100416-976-13,R-300720101216-976-14,R-300720104048-976-15,R-300720110355-976-16,R-300720111533-976-17,R-300720112431-976-18,R-300720113459-976-19,R-300720115431-976-20",13:04,,Rorya,,,,,,,Bukura,Bwiri,Nyangwe
Jul,30/07/2020,1:50 PM,30/07/2020,-1.1579134,34.0513246,10,R-290720191322-1220-10,Mara,Mara,Ahmed Lugelo,Randomized Household Survey 4,Human,,No,1499.525,Ahmed Lugelo,"R-290720192028-1220-91,R-300720111856-1220-92,R-300720113243-1220-93,R-300720120317-1220-94,R-300720121929-1220-95,R-300720124633-1220-96,R-300720130135-1220-97,R-300720131354-1220-98,R-300720132609-1220-99,R-300720134326-1220-100",12:51,,Rorya,,,,,,,Mkoma,Oboke,Oboke Juu
Jul,30/07/2020,4:35 PM,30/07/2020,-1.1512475,34.0456177,10,R-300720135914-1220-11,Mara,Mara,Ahmed Lugelo,Randomized Household Survey 4,Human,,No,32.251,Ahmed Lugelo,"R-300720140124-1220-101,R-300720142507-1220-102,R-300720144809-1220-103,R-300720150035-1220-104,R-300720151408-1220-105,R-300720152715-1220-106,R-300720154559-1220-107,R-300720155929-1220-108,R-300720161358-1220-109,R-300720162730-1220-110",16:35,,Rorya,,,,,,,Mkoma,Oboke,Obama Street
Jul,30/07/2020,6:43 PM,30/07/2020,-1.1520639,34.0385132,10,R-300720163514-1220-12,Mara,Mara,Ahmed Lugelo,Randomized Household Survey 4,Human,,No,433.868,Ahmed Lugeli,"R-300720163641-1220-111,R-300720165801-1220-112,R-300720170812-1220-113,R-300720171945-1220-114,R-300720173653-1220-115,R-300720174525-1220-116,R-300720180351-1220-117,R-300720181844-1220-118,R-300720182706-1220-119,R-300720183805-1220-120",18:43,,Rorya,,,,,,,Mkoma,Oboke,Nyatike
Jul,29/07/2020,5:08 PM,31/07/2020,-1.1794317,34.1041733,10,R-290720100403-976-1,Mara,Mara,Machunde Bigambo,Randomized Household Survey 4,Human,,No,5.5,chunde,"R-290720100524-976-1,R-290720154113-976-2,R-290720155106-976-3,R-290720160228-976-4,R-290720160856-976-5,R-290720161756-976-6,R-290720162937-976-7,R-290720163653-976-8,R-290720164724-976-9,R-290720170631-976-10",17:33,,Rorya,,,,,,,"Bukura,Bukura","Bwiri,Bwiri","Bwiri B,Bwiri B"
Jul,31/07/2020,12:39 PM,31/07/2020,-1.1613308,34.035259,10,R-310720105034-1220-13,Mara,Mara,Ahmed Lugelo,Randomized Household Survey 4,Human,,No,120.843,Ahmed Lugelo,"R-310720105106-1220-121,R-310720110021-1220-122,R-310720112904-1220-123,R-310720114447-1220-124,R-310720115952-1220-125,R-310720120844-1220-126,R-310720121425-1220-127,R-310720122357-1220-128,R-310720122946-1220-129,R-310720123546-1220-130",12:39,,Rorya,,,,,,,Mkoma,Obwere,Bondeni
Jul,31/07/2020,4:20 PM,31/07/2020,-1.3885333,34.5910633,10,R-310720143930-976-4,Mara,Mara,Machunde Bigambo,Randomized Household Survey 4,Human,,No,0,chunde,"R-310720144319-976-31,R-310720150428-976-32,R-310720150759-976-33,R-310720152253-976-34,R-310720152553-976-35,R-310720153126-976-36,R-310720154749-976-37,R-310720155915-976-38,R-310720161144-976-39,R-310720161721-976-40",17:43,,Tarime,,,,Nyamwaga,Nyamwaga,Nyamwaga Senta,,,
Jul,31/07/2020,2:39 PM,31/07/2020,-1.3925933,34.58431,10,R-310720125847-976-3,Mara,Mara,Machunde Bigambo,Randomized Household Survey 4,Human,,No,0,chunde,"R-310720130005-976-21,R-310720131014-976-22,R-310720131834-976-23,R-310720133027-976-24,R-310720134201-976-25,R-310720135058-976-26,R-310720135624-976-27,R-310720140319-976-28,R-310720142454-976-29,R-310720142914-976-30",14:41,,Tarime,,,,Nyamwaga,Nyamwaga,Makerero,,,
Jul,31/07/2020,12:54 PM,31/07/2020,-1.39542,34.574765,10,R-300720115758-976-2,Mara,Mara,Machunde Bigambo,Randomized Household Survey 4,Human,,No,0,chunde,"R-300720115844-976-11,R-310720111627-976-12,R-310720112422-976-13,R-310720113646-976-14,R-310720114612-976-15,R-310720115532-976-16,R-310720121503-976-17,R-310720122531-976-18,R-310720122812-976-19,R-310720124020-976-20",13:00,,Tarime,,,,"Nyamwaga,Nyamwaga","Nyamwaga,Nyamwaga","Mesero,Mesero",,,
Jul,31/07/2020,2:45 PM,31/07/2020,-1.1658791,34.0360216,10,R-310720131320-1220-14,Mara,Mara,Ahmed Lugelo,Randomized Household Survey 4,Human,,No,2426,Ahmed Lugelo,"R-310720131401-1220-131,R-310720131851-1220-132,R-310720132858-1220-133,R-310720133529-1220-134,R-310720134132-1220-135,R-310720135741-1220-136,R-310720140814-1220-137,R-310720141654-1220-138,R-310720142757-1220-139,R-310720143821-1220-140",13:45,,Rorya,,,,,,,Mkoma,Obwere,Nyamatheng'eng'e
Jul,31/07/2020,4:55 PM,31/07/2020,-1.1677752,34.0444653,10,R-310720150603-1220-15,Mara,Mara,Ahmed Lugelo,Randomized Household Survey 4,Human,,No,0,Ahmed Lugelo,"R-310720150629-1220-141,R-310720151956-1220-142,R-310720153040-1220-143,R-310720153737-1220-144,R-310720160149-1220-145,R-310720161152-1220-146,R-310720161746-1220-147,R-310720162837-1220-148,R-310720164205-1220-149,R-310720164929-1220-150",15:55,,Rorya,,,,,,,Mkoma,Obwere,Kandege
Aug,02/08/2020,1:07 PM,02/08/2020,-1.1549051,34.0138371,10,R-020820105812-1220-16,Mara,Mara,Ahmed Lugelo,Randomized Household Survey 4,Human,,No,0,Ahmed Lugelo,"R-020820105858-1220-151,R-020820111140-1220-152,R-020820112554-1220-153,R-020820114334-1220-154,R-020820115725-1220-155,R-020820120437-1220-156,R-020820122818-1220-157,R-020820123625-1220-158,R-020820124414-1220-159,R-020820125155-1220-160",13:07,,Rorya,,,,,,,Mkoma,Michire,Okebe
Aug,02/08/2020,2:18 PM,03/08/2020,-1.6029295,34.2211056,10,R-020820115541-2867-15,Mara,Mara,Hussein Hassan,Randomized Household Survey 4,Human,,No,8,Hussein Hassan ,"R-020820115629-2867-113,R-020820115924-2867-114,R-020820121256-2867-115,R-020820122753-2867-116,R-020820124215-2867-117,R-020820125550-2867-118,R-020820131059-2867-119,R-020820131925-2867-120,R-020820133214-2867-121,R-020820135138-2867-122",16:30,,Butiama,Buswahili,Wegero,Nyirobi B,,,,,,
Aug,02/08/2020,11:46 AM,03/08/2020,-1.6160074,34.205507,10,R-020820094524-2867-14,Mara,Mara,Hussein Hassan,Randomized Household Survey 4,Human,,No,4500,Hussein Hassan ,"R-020820094551-2867-103,R-020820094736-2867-104,R-020820100201-2867-105,R-020820101658-2867-106,R-020820102733-2867-107,R-020820104501-2867-108,R-020820105450-2867-109,R-020820110841-2867-110,R-020820111943-2867-111,R-020820113348-2867-112",12:46,,Butiama,Buswahili,Wegero,Kitorare A,,,,,,
Aug,02/08/2020,9:19 AM,03/08/2020,-1.6291978,34.2385343,10,R-020820072726-2867-13,Mara,Mara,Hussein Hassan,Randomized Household Survey 4,Human,,No,27.084,Hussein Hassan ,"R-010820140236-2867-93,R-020820072913-2867-94,R-020820074343-2867-95,R-020820075257-2867-96,R-020820080118-2867-97,R-020820081134-2867-98,R-020820082233-2867-99,R-020820083755-2867-100,R-020820085353-2867-101,R-020820090754-2867-102",09:30,,Butiama,Buswahili,Wegero,Nyirema,,,,,,
Aug,01/08/2020,2:06 PM,03/08/2020,-1.6051571,34.1814828,10,R-010820120616-2867-12,Mara,Mara,Hussein Hassan,Randomized Household Survey 4,Human,,No,46.18,Hussein Hassan ,"R-010820120908-2867-83,R-010820121317-2867-84,R-010820122743-2867-85,R-010820123250-2867-86,R-010820124313-2867-87,R-010820125829-2867-88,R-010820131912-2867-89,R-010820132946-2867-90,R-010820134350-2867-91,R-010820135204-2867-92",16:08,,Butiama,Buswahili,Kongoto,Senta,,,,,,
Aug,01/08/2020,11:37 AM,03/08/2020,-1.6079741,34.1844779,10,R-010820094721-2867-11,Mara,Mara,Hussein Hassan,Randomized Household Survey 4,Human,,No,9.25,Hussein Hassan ,"R-010820094751-2867-73,R-010820095348-2867-74,R-010820095946-2867-75,R-010820101909-2867-76,R-010820103425-2867-77,R-010820104822-2867-78,R-010820105950-2867-79,R-010820111126-2867-80,R-010820112002-2867-81,R-010820112912-2867-82",12:37,,Butiama,Buswahili,Kongoto,Kiabakari B,,,,,,
Aug,02/08/2020,4:48 PM,03/08/2020,-1.1533866,34.0047753,14,R-020820145358-1220-18,Mara,Mara,Ahmed Lugelo,Randomized Household Survey 4,Human,,No,0,Ahmed Lugelo,"R-020820145429-1220-171,R-020820150719-1220-172,R-020820151643-1220-173,R-020820152521-1220-174,R-020820154657-1220-175,R-020820160556-1220-176,R-020820161005-1220-177,R-020820162213-1220-178,R-020820162948-1220-179,R-020820164622-1220-180",16:48,,Rorya,,,,,,,"Mkoma,Mkoma","Michire,Michire","Matangwe A,Matangwe A"
Aug,02/08/2020,4:48 PM,03/08/2020,-1.1533866,34.0047753,14,R-020820145358-1220-18,Mara,Mara,Ahmed Lugelo,Randomized Household Survey 4,Human,,No,0,Ahmed Lugelo,"R-020820145429-1220-171,R-020820150719-1220-172,R-020820151643-1220-173,R-020820152521-1220-174,R-020820154657-1220-175,R-020820160556-1220-176,R-020820161005-1220-177,R-020820162213-1220-178,R-020820162948-1220-179,R-020820164622-1220-180",16:48,,Rorya,,,,,,,"Mkoma,Mkoma","Michire,Michire","Matangwe A,Matangwe A"
Aug,02/08/2020,2:43 PM,03/08/2020,-1.1523165,34.0055484,10,R-020820131855-1220-17,Mara,Mara,Ahmed Lugelo,Randomized Household Survey 4,Human,,No,0,Ahmed Lugelo,"R-020820131918-1220-161,R-020820133240-1220-162,R-020820134017-1220-163,R-020820134812-1220-164,R-020820135745-1220-165,R-020820140102-1220-166,R-020820140947-1220-167,R-020820142608-1220-168,R-020820143214-1220-169,R-020820144009-1220-170",13:43,,Rorya,,,,,,,"Mkoma,Mkoma","Michire,Michire","Ziwani,Ziwani"
Aug,03/08/2020,2:23 PM,03/08/2020,-1.1344704,34.0124561,10,R-030820113000-1220-19,Mara,Mara,Ahmed Lugelo,Randomized Household Survey 4,Human,,No,7.504,Ahmed Lugelo,"R-030820113217-1220-181,R-030820114547-1220-182,R-030820120132-1220-183,R-030820121918-1220-184,R-030820123554-1220-185,R-030820125140-1220-186,R-030820130338-1220-187,R-030820132012-1220-188,R-030820133702-1220-189,R-030820141934-1220-190",14:23,,Rorya,,,,,,,Mkoma,Kabwana,Nyakina
Jul,28/07/2020,9:54 AM,03/08/2020,-1.1240441,34.1074844,1,R-270720195927-2867-3,Mara,Mara,Hussein Hassan,Randomized Household Survey 4,Human,,No,20.5,Hussein Hassan ,R-270720201000-2867-4,09:53,,Rorya,,,,,,,Bukura,Nyambori,Vunja Amri
Jul,29/07/2020,10:45 AM,03/08/2020,-1.1658786,34.0360429,10,R-290720081655-2867-6,Mara,Mara,Hussein Hassan,Randomized Household Survey 4,Human,,No,2436,Hussein Hassan ,"R-290720081719-2867-23,R-290720082240-2867-24,R-290720083817-2867-25,R-290720090016-2867-26,R-290720091307-2867-27,R-290720092507-2867-28,R-290720094202-2867-29,R-290720095908-2867-30,R-290720101706-2867-31,R-290720102921-2867-32",10:45,,Rorya,,,,,,,Bukura,Nyambori,Zahanati
Jul,29/07/2020,1:07 PM,03/08/2020,-1.1014706,34.125169,10,R-290720114039-2867-7,Mara,Mara,Hussein Hassan,Randomized Household Survey 4,Human,,No,9,Hussein Hassan ,"R-290720114110-2867-33,R-290720114919-2867-34,R-290720115947-2867-35,R-290720120605-2867-36,R-290720121111-2867-37,R-290720121719-2867-38,R-290720122626-2867-39,R-290720123227-2867-40,R-290720124325-2867-41,R-290720125433-2867-42",13:07,,Rorya,,,,,,,Bukura,Thabache,Obembe
Jul,29/07/2020,4:57 PM,03/08/2020,-1.1091816,34.1282184,10,R-290720134050-2867-8,Mara,Mara,Hussein Hassan,Randomized Household Survey 4,Human,,No,9.75,Hussein Hassan ,"R-290720135524-2867-45,R-290720142411-2867-44,R-290720142745-2867-45,R-290720143547-2867-46,R-290720145419-2867-47,R-290720150616-2867-48,R-290720152007-2867-49,R-290720153655-2867-50,R-290720161818-2867-51,R-290720162820-2867-52",16:57,,Rorya,,,,,,,Bukura,Thabache,Shauri_yako
Jul,30/07/2020,10:55 AM,03/08/2020,-1.1198091,34.139712,10,R-300720081346-2867-9,Mara,Mara,Hussein Hassan,Randomized Household Survey 4,Human,,No,0,Hussein Hassan ,"R-300720081412-2867-53,R-300720081814-2867-54,R-300720083305-2867-55,R-300720085947-2867-56,R-300720090910-2867-57,R-300720091947-2867-58,R-300720093258-2867-59,R-300720094530-2867-60,R-300720095859-2867-61,R-300720101500-2867-62",10:55,,Rorya,,,,,,,Bukura,Thabache,Korino
Aug,01/08/2020,9:46 AM,03/08/2020,-1.6120245,34.1852086,10,R-010820081340-2867-10,Mara,Mara,Hussein Hassan,Randomized Household Survey 4,Human,,No,6.5,Hussein Hassan ,"R-010820081413-2867-63,R-010820082027-2867-64,R-010820083358-2867-65,R-010820084632-2867-66,R-010820085604-2867-67,R-010820090548-2867-68,R-010820090936-2867-69,R-010820091743-2867-70,R-010820093021-2867-71,R-010820093742-2867-72",09:46,,Butiama,Buswahili,Kongoto,Kiabakari A,,,,,,
Aug,03/08/2020,9:41 AM,03/08/2020,-1.6370631,34.154849,10,R-030820072523-2867-16,Mara,Mara,Hussein Hassan,Randomized Household Survey 4,Human,,No,75.177,Hussein Hassan ,"R-030820072548-2867-123,R-030820074115-2867-124,R-030820074551-2867-125,R-030820075457-2867-126,R-030820080840-2867-127,R-030820081455-2867-128,R-030820083256-2867-129,R-030820084444-2867-130,R-030820090103-2867-131,R-030820092226-2867-132",09:45,,Butiama,Buswahili,Buswahili,Mtukula,,,,,,
Aug,03/08/2020,12:36 PM,03/08/2020,-1.6281362,34.1531732,10,R-030820101546-2867-17,Mara,Mara,Hussein Hassan,Randomized Household Survey 4,Human,,No,174.248,Hussein Hassan ,"R-030820094019-2867-133,R-030820102254-2867-134,R-030820103147-2867-135,R-030820104258-2867-136,R-030820105141-2867-137,R-030820110128-2867-138,R-030820111519-2867-139,R-030820112144-2867-140,R-030820114556-2867-141,R-030820122534-2867-142",12:36,,Butiama,Buswahili,Buswahili,Biafra,,,,,,
Aug,03/08/2020,3:08 PM,03/08/2020,-1.6271587,34.1549977,10,R-030820124527-2867-18,Mara,Mara,Hussein Hassan,Randomized Household Survey 4,Human,,No,7.2,Hussein Hassan ,"R-030820124555-2867-143,R-030820125155-2867-144,R-030820130202-2867-145,R-030820131324-2867-146,R-030820132926-2867-147,R-030820135513-2867-148,R-030820140824-2867-149,R-030820142002-2867-150,R-030820143131-2867-151,R-030820143944-2867-152",16:09,,Butiama,Buswahili,Buswahili,Kigumi,,,,,,
Aug,03/08/2020,5:06 PM,03/08/2020,-1.1598391,34.0371653,10,R-030820151053-1220-20,Mara,Mara,Ahmed Lugelo,Randomized Household Survey 4,Human,,No,2500,Ahmed Lugelo,"R-030820151121-1220-191,R-030820152624-1220-192,R-030820153804-1220-193,R-030820154905-1220-194,R-030820155914-1220-195,R-030820161057-1220-196,R-030820162309-1220-197,R-030820163358-1220-198,R-030820164439-1220-199,R-030820165810-1220-200",17:06,,Rorya,,,,,,,Mkoma,Kabwana,Kabwana
Aug,03/08/2020,6:36 PM,03/08/2020,-1.1501382,34.0316734,10,R-030820170625-1220-21,Mara,Mara,Ahmed Lugelo,Randomized Household Survey 4,Human,,No,24.577,Ahmed Lugelo,"R-030820172128-1220-201,R-030820173346-1220-202,R-030820174059-1220-203,R-030820174553-1220-204,R-030820175429-1220-205,R-030820180300-1220-206,R-030820180655-1220-207,R-030820181354-1220-208,R-030820182009-1220-209,R-030820183214-1220-210",18:37,,Rorya,,,,,,,Mkoma,Kabwana,Ryangubo
Aug,04/08/2020,12:15 PM,04/08/2020,-1.7066807,34.220007,10,R-040820102118-2867-20,Mara,Mara,Hussein Hassan,Randomized Household Survey 4,Human,,No,451.942,Hussein Hassan ,"R-040820102209-2867-163,R-040820102444-2867-164,R-040820104656-2867-165,R-040820105517-2867-166,R-040820110817-2867-167,R-040820111629-2867-168,R-040820113004-2867-169,R-040820115144-2867-170,R-040820115307-2867-171,R-040820120127-2867-172",12:48,,Butiama,Buswahili,Baranga,Kwisangura A,,,,,,
Aug,04/08/2020,10:09 AM,04/08/2020,-1.688111,34.2142002,10,R-040820073531-2867-19,Mara,Mara,Hussein Hassan,Randomized Household Survey 4,Human,,No,151.674,Hussein Hassan ,"R-030820150507-2867-153,R-040820073948-2867-154,R-040820080451-2867-155,R-040820081654-2867-156,R-040820083244-2867-157,R-040820084325-2867-158,R-040820091443-2867-159,R-040820093738-2867-160,R-040820094635-2867-161,R-040820095803-2867-162",10:36,,Butiama,Buswahili,Baranga,Kiabukima,,,,,,
Aug,04/08/2020,11:40 AM,04/08/2020,-1.4154683,34.7110467,10,R-040820100102-976-5,Mara,Mara,Machunde Bigambo,Randomized Household Survey 4,Human,,No,0,chunde,"R-040820100141-976-41,R-040820101503-976-42,R-040820102302-976-43,R-040820102906-976-44,R-040820103901-976-45,R-040820105600-976-46,R-040820110741-976-47,R-040820112231-976-48,R-040820112508-976-49,R-040820113659-976-50",,,Tarime,,,,"Nyanungu,Nyanungu","Nyamombara,Nyamombara","Mumwamu,Mumwamu",,,
Aug,04/08/2020,3:06 PM,04/08/2020,-1.39184,34.7259783,10,R-040820131242-976-7,Mara,Mara,Machunde Bigambo,Randomized Household Survey 4,Human,,No,0,chunde,"R-040820131328-976-61,R-040820132611-976-62,R-040820133741-976-63,R-040820134713-976-64,R-040820140802-976-65,R-040820141600-976-66,R-040820142910-976-67,R-040820143711-976-68,R-040820144406-976-69,R-040820145108-976-70",13:13,,Tarime,,,,"Nyanungu,Nyanungu","Nyamombara,Nyamombara","Nyanungu,Nyanungu",,,
Aug,04/08/2020,1:07 PM,04/08/2020,-1.4148983,34.7152133,10,R-040820114101-976-6,Mara,Mara,Machunde Bigambo,Randomized Household Survey 4,Human,,No,0,chunde,"R-040820115643-976-51,R-040820121504-976-52,R-040820122017-976-53,R-040820122943-976-54,R-040820123419-976-55,R-040820124005-976-56,R-040820124701-976-57,R-040820125052-976-58,R-040820125606-976-59,R-040820130201-976-60",,,Tarime,,,,"Nyanungu,Nyanungu","Nyamombara,Nyamombara","Getena,Getena",,,
Aug,05/08/2020,9:39 AM,05/08/2020,-1.7305318,34.2306573,10,R-050820072811-2867-22,Mara,Mara,Hussein Hassan,Randomized Household Survey 4,Human,,No,4113,Hussein Hassan ,"R-050820072856-2867-183,R-050820073056-2867-184,R-050820080604-2867-185,R-050820082910-2867-186,R-050820083301-2867-187,R-050820084357-2867-188,R-050820085547-2867-189,R-050820090743-2867-190,R-050820091706-2867-191,R-050820092715-2867-192",09:39,,Butiama,Sirorisimba,Sirorisimba,Mtukula,,,,,,
Aug,04/08/2020,3:12 PM,05/08/2020,-1.7305318,34.2306573,3,R-040820131658-2867-21,Mara,Mara,Hussein Hassan,Randomized Household Survey 4,Human,,No,4113,Hussein Hassan ,"R-040820121506-2867-173,R-040820132032-2867-174,R-040820132908-2867-175,R-040820134505-2867-176,R-040820135750-2867-177,R-040820140720-2867-178,R-040820142300-2867-179,R-040820143216-2867-180,R-040820144502-2867-181,R-040820145509-2867-182",16:11,,Butiama,Buswahili,Baranga,Senta A,,,,,,
Aug,05/08/2020,12:09 PM,05/08/2020,-1.7305318,34.2306573,10,R-050820102001-2867-23,Mara,Mara,Hussein Hassan,Randomized Household Survey 4,Human,,No,4113,Hussein Hassan ,"R-050820102023-2867-193,R-050820102235-2867-194,R-050820103214-2867-195,R-050820103914-2867-196,R-050820105920-2867-197,R-050820111100-2867-198,R-050820111811-2867-199,R-050820112429-2867-200,R-050820114258-2867-201,R-050820115050-2867-202",12:42,,Butiama,Sirorisimba,Sirorisimba,Bitotoni,,,,,,
Aug,05/08/2020,3:17 PM,06/08/2020,-1.7304677,34.2305227,10,R-050820123209-2867-24,Mara,Mara,Hussein Hassan,Randomized Household Survey 4,Human,,No,4099.999,Hussein Hassan ,"R-050820120830-2867-203,R-050820123901-2867-204,R-050820132022-2867-205,R-050820132525-2867-206,R-050820133432-2867-207,R-050820134913-2867-208,R-050820140451-2867-209,R-050820141714-2867-210,R-050820143604-2867-211,R-050820144652-2867-212",16:17,,Butiama,Sirorisimba,Sirorisimba,Senta B,,,,,,
Aug,06/08/2020,12:32 PM,06/08/2020,-1.688433,34.1856748,10,R-060820101833-2867-26,Mara,Mara,Hussein Hassan,Randomized Household Survey 4,Human,,No,24.976,Hussein Hassan ,"R-060820101914-2867-223,R-060820102317-2867-224,R-060820103730-2867-225,R-060820104618-2867-226,R-060820110837-2867-227,R-060820112539-2867-228,R-060820114323-2867-229,R-060820115753-2867-230,R-060820120657-2867-231,R-060820122125-2867-232",12:36,,Butiama,Sirorisimba,Nyambili,Majengo,,,,,,
Aug,06/08/2020,10:00 AM,06/08/2020,-1.6414033,34.148153,10,R-060820073821-2867-25,Mara,Mara,Hussein Hassan,Randomized Household Survey 4,Human,,Yes,5000,Hussein Hassan ,"R-060820073852-2867-213,R-060820074145-2867-214,R-060820075824-2867-215,R-060820081032-2867-216,R-060820082604-2867-217,R-060820083841-2867-218,R-060820090103-2867-219,R-060820091424-2867-220,R-060820092617-2867-221,R-060820094624-2867-222",10:38,,Butiama,Sirorisimba,Nyambili,Nyandewa,,,,,,
Aug,06/08/2020,2:33 PM,06/08/2020,-1.422377,34.7523547,10,R-060820130717-976-13,Mara,Mara,Machunde Bigambo,Randomized Household Survey 4,Human,,No,3.9,chunde,"R-060820130743-976-121,R-060820131544-976-122,R-060820132538-976-123,R-060820133303-976-124,R-060820134057-976-125,R-060820135105-976-126,R-060820140022-976-127,R-060820140619-976-128,R-060820141439-976-129,R-060820142638-976-130",14:33,,Tarime,,,,Nyanungu,Kegonga,Kwibate,,,
Aug,06/08/2020,1:06 PM,06/08/2020,-1.4207377,34.7542518,10,R-060820114424-976-12,Mara,Mara,Machunde Bigambo,Randomized Household Survey 4,Human,,No,3.9,chunde,"R-060820114503-976-111,R-060820114821-976-112,R-060820115232-976-113,R-060820120358-976-114,R-060820121501-976-115,R-060820122136-976-116,R-060820123020-976-117,R-060820123813-976-118,R-060820124536-976-119,R-060820125830-976-120",13:07,,Tarime,,,,Nyanungu,Kegonga,Isorya,,,
Aug,06/08/2020,11:43 AM,06/08/2020,-1.421945,34.7483067,10,R-060820101040-976-11,Mara,Mara,Machunde Bigambo,Randomized Household Survey 4,Human,,No,5.1,chunde,"R-060820101202-976-101,R-060820102203-976-102,R-060820103011-976-103,R-060820103649-976-104,R-060820104300-976-105,R-060820110635-976-106,R-060820110935-976-107,R-060820111913-976-108,R-060820112630-976-109,R-060820113525-976-110",11:43,,Tarime,,,,Nyanungu,Kegonga,Borasa,,,
Aug,05/08/2020,2:12 PM,06/08/2020,-1.409195,34.7265183,10,R-050820125640-976-10,Mara,Mara,Machunde Bigambo,Randomized Household Survey 4,Human,,No,0,chunde,"R-050820125722-976-91,R-050820131149-976-92,R-050820131711-976-93,R-050820132227-976-94,R-050820132914-976-95,R-050820133503-976-96,R-050820134032-976-97,R-050820134555-976-98,R-050820135249-976-99,R-050820140405-976-100",15:12,,Tarime,,,,Nyanungu,Mangucha,Kebose,,,
Aug,05/08/2020,12:56 PM,06/08/2020,-1.4095217,34.7351133,10,R-050820111737-976-9,Mara,Mara,Machunde Bigambo,Randomized Household Survey 4,Human,,No,0,chunde,"R-050820111816-976-81,R-050820113642-976-82,R-050820114522-976-83,R-050820115403-976-84,R-050820120022-976-85,R-050820120639-976-86,R-050820121802-976-87,R-050820122752-976-88,R-050820124451-976-89,R-050820124851-976-90",13:00,,Tarime,,,,Nyanungu,Mangucha,Ikorongo,,,
Aug,05/08/2020,11:16 AM,06/08/2020,0,0,10,R-050820095207-976-8,Mara,Mara,Machunde Bigambo,Randomized Household Survey 4,Human,,No,0,Chunde,"R-050820095238-976-71,R-050820100446-976-72,R-050820101854-976-73,R-050820102225-976-74,R-050820102830-976-75,R-050820104016-976-76,R-050820104838-976-77,R-050820105550-976-78,R-050820110518-976-79,R-050820111145-976-80",11:17,,Tarime,,,,Nyanungu,Mangucha,Manguncha Senta,,,
Aug,06/08/2020,3:30 PM,06/08/2020,-1.7111743,34.1693609,10,R-060820133404-2867-27,Mara,Mara,Hussein Hassan,Randomized Household Survey 4,Human,,No,3799.999,Hussein Hassan ,"R-060820123114-2867-233,R-060820133807-2867-234,R-060820135227-2867-235,R-060820140153-2867-236,R-060820141027-2867-237,R-060820142015-2867-238,R-060820142921-2867-239,R-060820145413-2867-240,R-060820151149-2867-241,R-060820151757-2867-242",16:17,,Butiama,Sirorisimba,Nyambili,Komachare,,,,,,
Aug,07/08/2020,12:26 PM,07/08/2020,-1.7392802,34.1650543,10,R-070820102229-2867-29,Mara,Mara,Hussein Hassan,Randomized Household Survey 4,Human,,No,8.555,Hussein Hassan ,"R-070820102300-2867-253,R-070820102551-2867-254,R-070820103552-2867-255,R-070820104631-2867-256,R-070820105904-2867-257,R-070820111518-2867-258,R-070820112718-2867-259,R-070820113629-2867-260,R-070820114445-2867-261,R-070820115104-2867-262",12:26,,Butiama,Sirorisimba,Rwasereta,Rwasereta,,,,,,
Aug,07/08/2020,10:11 AM,07/08/2020,-1.7112746,34.1691926,10,R-070820080956-2867-28,Mara,Mara,Hussein Hassan,Randomized Household Survey 4,Human,,No,3818,Hussein Hassan ,"R-070820081050-2867-243,R-070820081618-2867-244,R-070820082807-2867-245,R-070820083835-2867-246,R-070820085345-2867-247,R-070820090248-2867-248,R-070820091316-2867-249,R-070820092631-2867-250,R-070820093931-2867-251,R-070820095730-2867-252",10:11,,Butiama,Sirorisimba,Rwasereta,Komaraha,,,,,,
Aug,07/08/2020,2:04 PM,07/08/2020,-1.39276,34.6847767,10,R-070820131320-976-16,Mara,Mara,Machunde Bigambo,Randomized Household Survey 4,Human,,No,3.9,chunde,"R-070820131354-976-151,R-070820132322-976-152,R-070820132917-976-153,R-070820133419-976-154,R-070820133836-976-155,R-070820134245-976-156,R-070820134644-976-157,R-070820135243-976-158,R-070820135436-976-159,R-070820140130-976-160",14:05,,Tarime,,,,Itiryo,Nyankoni,Tisya,,,
Aug,07/08/2020,1:13 PM,07/08/2020,-1.3873983,34.6946283,10,R-070820114637-976-15,Mara,Mara,Machunde Bigambo,Randomized Household Survey 4,Human,,No,391.536,chunde,"R-070820114709-976-141,R-070820115654-976-142,R-070820120627-976-143,R-070820121805-976-144,R-070820122447-976-145,R-070820123214-976-146,R-070820124247-976-147,R-070820125009-976-148,R-070820130215-976-149,R-070820130644-976-150",13:13,,Tarime,,,,Itiryo,Nyankoni,Nyankoni,,,
Aug,07/08/2020,11:42 AM,07/08/2020,-1.3861317,34.6910567,10,R-070820101849-976-14,Mara,Mara,Machunde Bigambo,Randomized Household Survey 4,Human,,No,3.9,chunde,"R-070820102004-976-131,R-070820102504-976-132,R-070820103132-976-133,R-070820104744-976-134,R-070820105043-976-135,R-070820105605-976-136,R-070820110349-976-137,R-070820111238-976-138,R-070820112156-976-139,R-070820113441-976-140",11:43,,Tarime,,,,Itiryo,Nyankoni,Gitimama,,,
Aug,07/08/2020,2:30 PM,08/08/2020,-1.7230993,34.1712767,10,R-070820123916-2867-30,Mara,Mara,Hussein Hassan,Randomized Household Survey 4,Human,,No,174.296,Hussein Hassan ,"R-070820124002-2867-263,R-070820124339-2867-264,R-070820125858-2867-265,R-070820130814-2867-266,R-070820132443-2867-267,R-070820133039-2867-268,R-070820133609-2867-269,R-070820135107-2867-270,R-070820135743-2867-271,R-070820142036-2867-272",16:30,,Butiama,Sirorisimba,Rwasereta,Kitaramanka,,,,,,
Aug,08/08/2020,9:11 AM,08/08/2020,-1.6968308,34.1512823,10,R-080820072325-2867-31,Mara,Mara,Hussein Hassan,Randomized Household Survey 4,Human,,No,3799.999,Hussein Hassan ,"R-080820072402-2867-273,R-080820072940-2867-274,R-080820073741-2867-275,R-080820075035-2867-276,R-080820080126-2867-277,R-080820081058-2867-278,R-080820082024-2867-279,R-080820083125-2867-280,R-080820083921-2867-281,R-080820090017-2867-282",10:24,,Butiama,Sirorisimba,Kitaramanka,Mwiringo,,,,,,
Aug,08/08/2020,11:53 AM,08/08/2020,-1.6968308,34.1512823,10,R-080820092310-2867-32,Mara,Mara,Hussein Hassan,Randomized Household Survey 4,Human,,No,3799.999,Hussein Hassan ,"R-080820091034-2867-283,R-080820093845-2867-284,R-080820094233-2867-285,R-080820095917-2867-286,R-080820100448-2867-287,R-080820102858-2867-288,R-080820104106-2867-289,R-080820105045-2867-290,R-080820110305-2867-291,R-080820112539-2867-292",12:40,,Butiama,Sirorisimba,Kitaramanka,Kyamaiha,,,,,,
Aug,08/08/2020,3:44 PM,09/08/2020,-1.6881515,34.1415463,10,R-080820125554-2867-33,Mara,Mara,Hussein Hassan,Randomized Household Survey 4,Human,,No,4599.999,Hussein Hassan ,"R-080820125633-2867-293,R-080820130239-2867-294,R-080820132448-2867-295,R-080820135750-2867-296,R-080820140920-2867-297,R-080820142003-2867-298,R-080820143441-2867-299,R-080820144910-2867-300,R-080820151555-2867-301,R-080820152854-2867-302",16:43,,Butiama,Sirorisimba,Kitaramanka,Nyamimange,,,,,,
Aug,09/08/2020,9:54 AM,09/08/2020,-1.658434,34.1109396,10,R-090820075012-2867-34,Mara,Mara,Hussein Hassan,Randomized Household Survey 4,Human,,No,8,Hussein Hassan ,"R-090820075059-2867-303,R-090820080057-2867-304,R-090820082249-2867-305,R-090820082507-2867-306,R-090820083557-2867-307,R-090820084520-2867-308,R-090820090202-2867-309,R-090820091402-2867-310,R-090820092450-2867-311,R-090820094135-2867-312",10:54,,Butiama,Nyamimange,Kyankoma,Kabwasi,,,,,,
Aug,09/08/2020,1:05 PM,09/08/2020,-1.6812267,34.0981539,10,R-090820105302-2867-35,Mara,Mara,Hussein Hassan,Randomized Household Survey 4,Human,,No,25.58,Hussein Hassan ,"R-090820095326-2867-313,R-090820105740-2867-314,R-090820111147-2867-315,R-090820111940-2867-316,R-090820113732-2867-317,R-090820115206-2867-318,R-090820122703-2867-319,R-090820123518-2867-320,R-090820124356-2867-321,R-090820125749-2867-322",13:39,,Butiama,Nyamimange,Kyankoma,Sania,,,,,,
Aug,10/08/2020,9:33 AM,10/08/2020,-1.6516151,34.1005922,10,R-100820080332-2867-37,Mara,Mara,Hussein Hassan,Randomized Household Survey 4,Human,,No,4002,Hussein Hassan ,"R-090820151337-2867-333,R-100820080846-2867-334,R-100820081702-2867-335,R-100820082450-2867-336,R-100820083438-2867-337,R-100820084302-2867-338,R-100820085316-2867-339,R-100820090124-2867-340,R-100820091410-2867-341,R-100820092129-2867-342",10:30,,Butiama,Nyamimange,Kwisaro,Nyamsense,,,,,,
Aug,09/08/2020,3:13 PM,10/08/2020,-1.6911347,34.1030207,10,R-090820132733-2867-36,Mara,Mara,Hussein Hassan,Randomized Household Survey 4,Human,,No,1820.504,Hussein Hassan ,"R-090820132809-2867-323,R-090820134334-2867-324,R-090820134644-2867-325,R-090820135717-2867-326,R-090820140336-2867-327,R-090820141712-2867-328,R-090820142641-2867-329,R-090820143912-2867-330,R-090820144848-2867-331,R-090820145839-2867-332",16:21,,Butiama,Nyamimange,Kyankoma,Mtakuja,,,,,,
Aug,10/08/2020,11:43 AM,10/08/2020,-1.6266171,34.1044922,10,R-100820094506-2867-38,Mara,Mara,Hussein Hassan,Randomized Household Survey 4,Human,,No,34.568,Hussein Hassan ,"R-100820094535-2867-343,R-100820094852-2867-344,R-100820095918-2867-345,R-100820101744-2867-346,R-100820102009-2867-347,R-100820103932-2867-348,R-100820105007-2867-349,R-100820110205-2867-350,R-100820111343-2867-351,R-100820112557-2867-352",12:43,,Butiama,Nyamimange,Kwisaro,Ikongo la Kisyeri,,,,,,
Aug,10/08/2020,12:01 PM,10/08/2020,-1.41249,34.6800817,10,R-100820101700-976-17,Mara,Mara,Machunde Bigambo,Randomized Household Survey 4,Human,,No,0,Chunde,"R-100820101729-976-161,R-100820103232-976-162,R-100820104206-976-163,R-100820105306-976-164,R-100820105956-976-165,R-100820111144-976-166,R-100820111837-976-167,R-100820113111-976-168,R-100820114014-976-169,R-100820115901-976-170",13:00,,Tarime,,,,"Itiryo,Itiryo","Kangariani,Kangariani","Isago,Isago",,,
Aug,10/08/2020,3:39 PM,10/08/2020,-1.4135862,34.6789956,10,R-100820135032-976-19,Mara,Mara,Machunde Bigambo,Randomized Household Survey 4,Human,,No,0,Chunde,"R-100820135055-976-181,R-100820142334-976-182,R-100820142855-976-183,R-100820143403-976-184,R-100820144618-976-185,R-100820145441-976-186,R-100820150412-976-187,R-100820151004-976-188,R-100820151602-976-189,R-100820153532-976-190",17:50,,Tarime,,,,"Itiryo,Itiryo","Kangariani,Kangariani","Birira,Birira",,,
Aug,10/08/2020,1:50 PM,10/08/2020,-1.416005,34.6858267,10,R-100820120110-976-18,Mara,Mara,Machunde Bigambo,Randomized Household Survey 4,Human,,No,0,Chunde,"R-100820120151-976-171,R-100820122715-976-172,R-100820123540-976-173,R-100820124527-976-174,R-100820125134-976-175,R-100820130116-976-176,R-100820130939-976-177,R-100820132308-976-178,R-100820133911-976-179,R-100820134642-976-180",15:01,,Tarime,,,,"Itiryo,Itiryo","Kangariani,Kangariani","Kangariani senta,Kangariani senta",,,
Aug,10/08/2020,7:10 PM,10/08/2020,-1.4910933,33.99823,9,R-100820171411-1220-4,Mara,Mara,Ahmed Lugelo,Randomized Household Survey 4,Human,,No,0,Ahmed Lugelo,"R-100820171451-1220-22,R-100820172300-1220-23,R-100820173421-1220-24,R-100820175041-1220-25,R-100820180218-1220-26,R-100820180930-1220-27,R-100820181755-1220-28,R-100820184010-1220-29,R-100820184708-1220-30,R-100820190015-1220-31",07:09,good,Rorya,,,,,,,Komuge,Kuruya,Senta
Aug,04/08/2020,4:19 PM,10/08/2020,-1.4996064,33.9907871,1,R-040820160602-1220-1,Mara,Mara,Ahmed Lugelo,Randomized Household Survey 4,Human,,No,408.956,Ahmed Lugelo,R-040820161019-1220-1,16:18,practice,Rorya,,,,,,,Komuge,Kuruya,Senta
Aug,10/08/2020,1:30 PM,10/08/2020,-1.4630833,33.9514617,2,R-100820100123-1220-2,Mara,Mara,Ahmed Lugelo,Randomized Household Survey 4,Human,,No,0,Ahmed Lugelo,"R-100820100218-1220-2,R-100820101315-1220-3,R-100820103151-1220-4,R-100820104442-1220-5,R-100820112319-1220-6,R-100820114731-1220-7,R-100820120049-1220-8,R-100820120903-1220-9,R-100820123333-1220-10,R-100820125959-1220-11",11:09,non,Rorya,,,,,,,Komuge,Kuruya,Songambele
Aug,10/08/2020,5:14 PM,10/08/2020,0,0,10,R-100820133044-1220-3,Mara,Mara,Ahmed Lugelo,Randomized Household Survey 4,Human,,No,0,Ahmed Lugelo,"R-100820133121-1220-12,R-100820134910-1220-13,R-100820140020-1220-14,R-100820141807-1220-15,R-100820143321-1220-16,R-100820145232-1220-17,R-100820150345-1220-18,R-100820163808-1220-19,R-100820164516-1220-20,R-100820165714-1220-21",05:03,some respondents are afraid,Rorya,,,,,,,Komuge,Kuruya,Shule
Aug,10/08/2020,2:11 PM,11/08/2020,-1.6405465,34.1120026,10,R-100820120216-2867-39,Mara,Mara,Hussein Hassan,Randomized Household Survey 4,Human,,No,5.785,Hussein Hassan ,"R-100820114303-2867-353,R-100820121041-2867-354,R-100820121437-2867-355,R-100820123603-2867-356,R-100820124605-2867-357,R-100820125518-2867-358,R-100820130415-2867-359,R-100820131258-2867-360,R-100820133539-2867-361,R-100820135048-2867-362",16:02,,Butiama,Nyamimange,Kwisaro,Kiagata Ndogo,,,,,,
Aug,11/08/2020,9:32 AM,11/08/2020,-1.8841666,33.9946573,10,R-110820075222-2867-40,Mara,Mara,Hussein Hassan,Randomized Household Survey 4,Human,,No,1205.5,Hussein Hassan ,"R-110820075513-2867-363,R-110820080427-2867-364,R-110820080742-2867-365,R-110820081430-2867-366,R-110820082405-2867-367,R-110820083056-2867-368,R-110820084336-2867-369,R-110820085214-2867-370,R-110820091342-2867-371,R-110820092406-2867-372",09:30,sub village is big during announcing majority they don't received the announcement of anti rabies vaccine champagne.,Butiama,Masaba,Bisarye,Nyabitaramanka,,,,,,
Aug,11/08/2020,12:37 PM,12/08/2020,-1.8716532,34.0033898,10,R-110820102333-2867-41,Mara,Mara,Hussein Hassan,Randomized Household Survey 4,Human,,No,4400,Hussein Hassan ,"R-110820093014-2867-373,R-110820102628-2867-374,R-110820103816-2867-375,R-110820105236-2867-376,R-110820111316-2867-377,R-110820113135-2867-378,R-110820114316-2867-379,R-110820115758-2867-380,R-110820120913-2867-381,R-110820121537-2867-382",12:37,,Butiama,Masaba,Bisarye,Nyang'ombe,,,,,,
Aug,11/08/2020,3:09 PM,12/08/2020,-1.385815,34.6856567,10,R-110820132704-976-22,Mara,Mara,Machunde Bigambo,Randomized Household Survey 4,Human,,No,3.9,Chunde,"R-110820132732-976-211,R-110820135157-976-212,R-110820135725-976-213,R-110820141044-976-214,R-110820141443-976-215,R-110820143151-976-216,R-110820144106-976-217,R-110820144741-976-218,R-110820145438-976-219,R-110820150659-976-220",17:54,,Tarime,,,,"Itiryo,Itiryo,Itiryo,Itiryo,Itiryo","Itiryo,Itiryo,Itiryo,Itiryo,Itiryo","Itiryo Senta,Itiryo Senta,Itiryo Senta,Itiryo Senta,Itiryo Senta",,,
Aug,11/08/2020,1:26 PM,12/08/2020,-1.3751733,34.6742217,10,R-110820112022-976-21,Mara,Mara,Machunde Bigambo,Randomized Household Survey 4,Human,,No,1.016,Chunde,"R-110820112040-976-201,R-110820115238-976-202,R-110820121937-976-203,R-110820122454-976-204,R-110820123216-976-205,R-110820124603-976-206,R-110820130309-976-207,R-110820131305-976-208,R-110820132030-976-209,R-110820132518-976-210",15:03,,Tarime,,,,"Itiryo,Itiryo,Itiryo,Itiryo,Itiryo","Itiryo,Itiryo,Itiryo,Itiryo,Itiryo","Nyaitebe,Nyaitebe,Nyaitebe,Nyaitebe,Nyaitebe",,,
Aug,11/08/2020,11:20 AM,12/08/2020,-1.364665,34.6869433,12,R-110820093959-976-20,Mara,Mara,Machunde Bigambo,Randomized Household Survey 4,Human,,No,0,Chunde,"R-110820094322-976-191,R-110820101941-976-192,R-110820103428-976-193,R-110820104018-976-194,R-110820104327-976-195,R-110820105400-976-196,R-110820105954-976-197,R-110820110536-976-198,R-110820111234-976-199,R-110820111744-976-200",12:17,,Tarime,,,,"Itiryo,Itiryo,Itiryo,Itiryo,Itiryo","Itiryo,Itiryo,Itiryo,Itiryo,Itiryo","Manyata,Manyata,Manyata,Manyata,Manyata",,,
Aug,11/08/2020,11:20 AM,12/08/2020,-1.364665,34.6869433,12,R-110820093959-976-20,Mara,Mara,Machunde Bigambo,Randomized Household Survey 4,Human,,No,0,Chunde,"R-110820094322-976-191,R-110820101941-976-192,R-110820103428-976-193,R-110820104018-976-194,R-110820104327-976-195,R-110820105400-976-196,R-110820105954-976-197,R-110820110536-976-198,R-110820111234-976-199,R-110820111744-976-200",12:17,,Tarime,,,,"Itiryo,Itiryo,Itiryo,Itiryo,Itiryo","Itiryo,Itiryo,Itiryo,Itiryo,Itiryo","Manyata,Manyata,Manyata,Manyata,Manyata",,,
Aug,12/08/2020,9:07 AM,12/08/2020,-1.8393368,33.9877421,10,R-120820072748-2867-42,Mara,Mara,Hussein Hassan,Randomized Household Survey 4,Human,,No,8,Hussein Hassan ,"R-120820072839-2867-383,R-120820073003-2867-384,R-120820075200-2867-385,R-120820075913-2867-386,R-120820080433-2867-387,R-120820081933-2867-388,R-120820082108-2867-389,R-120820083019-2867-390,R-120820084053-2867-391,R-120820084619-2867-392",09:05,sub village is too big  had to the farmers to bring their dog into the vaccination point and some dogs are hard to restrain to bring them over ,Butiama,Masaba,Bisarye,Kurutambi,,,,,,
Aug,12/08/2020,12:17 PM,12/08/2020,-1.8615049,33.9498418,10,R-120820102908-2867-43,Mara,Mara,Hussein Hassan,Randomized Household Survey 4,Human,,No,11.5,Hussein Hassan ,"R-120820102928-2867-393,R-120820104029-2867-394,R-120820105027-2867-395,R-120820110018-2867-396,R-120820111912-2867-397,R-120820112820-2867-398,R-120820113801-2867-399,R-120820114652-2867-400,R-120820115233-2867-401,R-120820121531-2867-402",12:17,,Butiama,Masaba,Nyansirori,Nyansirori,,,,,,
Aug,12/08/2020,2:11 PM,12/08/2020,-1.8622424,33.9489244,10,R-120820121740-2867-44,Mara,Mara,Hussein Hassan,Randomized Household Survey 4,Human,,No,10.583,Hussein Hassan ,"R-120820122926-2867-403,R-120820123430-2867-404,R-120820125724-2867-405,R-120820125916-2867-406,R-120820131542-2867-407,R-120820132647-2867-408,R-120820133632-2867-409,R-120820134408-2867-410,R-120820135154-2867-411,R-120820135909-2867-412",14:11,,Butiama,Masaba,Nyansirori,Nyamurasa,,,,,,
Aug,12/08/2020,1:59 PM,12/08/2020,-1.4327717,34.722505,10,R-120820123725-976-25,Mara,Mara,Machunde Bigambo,Randomized Household Survey 4,Human,,No,0,chunde,"R-120820123900-976-241,R-120820125945-976-242,R-120820130325-976-243,R-120820131231-976-244,R-120820131448-976-245,R-120820132608-976-246,R-120820133331-976-247,R-120820133832-976-248,R-120820134546-976-249,R-120820135637-976-250",14:00,,Tarime,,,,Gorong a,Kenyamosabi,Kiobhoke,,,
Aug,12/08/2020,12:37 PM,12/08/2020,-1.431405,34.7268367,10,R-120820112605-976-24,Mara,Mara,Machunde Bigambo,Randomized Household Survey 4,Human,,No,0,chunde,"R-120820112634-976-231,R-120820113206-976-232,R-120820113640-976-233,R-120820114446-976-234,R-120820115633-976-235,R-120820120425-976-236,R-120820120701-976-237,R-120820121319-976-238,R-120820122514-976-239,R-120820122722-976-240",12:38,,Tarime,,,,"Gorong a,Gorong a","Kenyamosabi,Kenyamosabi","Nyamagongwe,Nyamagongwe",,,
Aug,12/08/2020,11:25 AM,12/08/2020,-1.4332646,34.7120393,10,R-120820093746-976-23,Mara,Mara,Machunde Bigambo,Randomized Household Survey 4,Human,,No,0,chunde,"R-120820093847-976-221,R-120820095615-976-222,R-120820095959-976-223,R-120820100456-976-224,R-120820101844-976-225,R-120820103303-976-226,R-120820104007-976-227,R-120820105552-976-228,R-120820110431-976-229,R-120820111036-976-230",11:25,,Tarime,,,,"Gorong a,Gorong a,Gorong a","Kenyamosabi,Kenyamosabi,Kenyamosabi","Ngonche,Ngonche,Ngonche",,,
Aug,12/08/2020,4:32 PM,12/08/2020,-1.8651386,33.952712,14,R-120820142809-2867-45,Mara,Mara,Hussein Hassan,Randomized Household Survey 4,Human,,No,8,Hussein Hassan ,"R-120820142848-2867-413,R-120820144153-2867-414,R-120820144401-2867-415,R-120820145345-2867-416,R-120820150638-2867-417,R-120820151837-2867-418,R-120820153515-2867-419,R-120820161047-2867-420,R-120820161241-2867-421,R-120820162247-2867-422",16:32,,Butiama,"Masaba,Masaba,Masaba","Nyansirori,Nyansirori,Nyansirori","Chamasabeta,Chamasabeta,Chamasabeta",,,,,,
Aug,12/08/2020,4:32 PM,12/08/2020,-1.8651386,33.952712,14,R-120820142809-2867-45,Mara,Mara,Hussein Hassan,Randomized Household Survey 4,Human,,No,8,Hussein Hassan ,"R-120820142848-2867-413,R-120820144153-2867-414,R-120820144401-2867-415,R-120820145345-2867-416,R-120820150638-2867-417,R-120820151837-2867-418,R-120820153515-2867-419,R-120820161047-2867-420,R-120820161241-2867-421,R-120820162247-2867-422",16:32,,Butiama,"Masaba,Masaba,Masaba","Nyansirori,Nyansirori,Nyansirori","Chamasabeta,Chamasabeta,Chamasabeta",,,,,,
Aug,12/08/2020,10:59 AM,13/08/2020,-1.4380587,33.9394731,4,R-120820083009-1220-5,Mara,Mara,Ahmed Lugelo,Randomized Household Survey 4,Human,,No,19.061,Ahmed lugelo,"R-120820083056-1220-32,R-120820085112-1220-33,R-120820090035-1220-34,R-120820091729-1220-35,R-120820093543-1220-36,R-120820094145-1220-37,R-120820100019-1220-38,R-120820101004-1220-39,R-120820102837-1220-40,R-120820105122-1220-41",10:59,good,Rorya,,,,,,,Komuge,Irienyi,Nyakatende
Aug,13/08/2020,11:08 AM,16/08/2020,-1.4544364,33.9022565,10,R-130820083042-1220-8,Mara,Mara,Ahmed Lugelo,Randomized Household Survey 4,Human,,No,0,Ahmed lugelo,"R-130820083144-1220-62,R-130820083613-1220-63,R-130820093408-1220-64,R-130820095311-1220-65,R-130820100152-1220-66,R-130820101154-1220-67,R-130820102101-1220-68,R-130820102831-1220-69,R-130820103707-1220-70,R-130820105358-1220-71",11:06,well,Rorya,,,,,,,"Komuge,Komuge,Komuge,Komuge,Komuge,Komuge,Komuge","Komuge,Komuge,Komuge,Komuge,Komuge,Komuge,Komuge","Ngereri,Ngereri,Ngereri,Ngereri,Ngereri,Ngereri,Ngereri"
Aug,12/08/2020,1:14 PM,13/08/2020,-1.43696,33.9534333,10,R-120820111245-1220-6,Mara,Mara,Ahmed Lugelo,Randomized Household Survey 4,Human,,No,16.9,Ahmed Lugelo,"R-120820111427-1220-42,R-120820112811-1220-43,R-120820114115-1220-44,R-120820115646-1220-45,R-120820120714-1220-46,R-120820121124-1220-47,R-120820123004-1220-48,R-120820124138-1220-49,R-120820125611-1220-50,R-120820130806-1220-51",13:14,well,Rorya,,,,,,,Komuge,Irienyi,Ititwe
Aug,12/08/2020,4:52 PM,13/08/2020,-1.3930768,33.9623283,8,R-120820140725-1220-7,Mara,Mara,Ahmed Lugelo,Randomized Household Survey 4,Human,,No,4,Ahmed Lugelo,"R-120820140757-1220-52,R-120820141940-1220-53,R-120820144420-1220-54,R-120820151934-1220-55,R-120820153643-1220-56,R-120820155144-1220-57,R-120820161156-1220-58,R-120820162631-1220-59,R-120820163253-1220-60,R-120820164735-1220-61",17:11,good,Rorya,,,,,,,Komuge,Irienyi,Malegeri
Aug,13/08/2020,11:52 AM,13/08/2020,-1.4617137,34.6662885,10,R-130820094747-976-3,Mara,Mara,Machunde Bigambo,Randomized Household Survey 4,Human,,No,156.647,Chunde,"R-130820094814-976-21,R-130820101747-976-22,R-130820102228-976-23,R-130820104136-976-24,R-130820105338-976-25,R-130820110528-976-26,R-130820111522-976-27,R-130820112142-976-28,R-130820112919-976-29,R-130820113542-976-30",12:48,,Tarime,,,,Gorong a,Masurura,Nyaichirichiri,,,
Aug,13/08/2020,1:42 PM,13/08/2020,-1.4886934,34.6455439,10,R-130820115247-976-4,Mara,Mara,Machunde Bigambo,Randomized Household Survey 4,Human,,No,28.939,Chunde,"R-130820115310-976-31,R-130820120515-976-32,R-130820122457-976-33,R-130820124140-976-34,R-130820124943-976-35,R-130820125957-976-36,R-130820130541-976-37,R-130820131728-976-38,R-130820133224-976-39,R-130820133821-976-40",15:53,,Tarime,,,,Gorong a,Masurura,Nyantare,,,
Aug,13/08/2020,3:05 PM,13/08/2020,-1.4742451,34.6536663,10,R-130820134246-976-5,Mara,Mara,Machunde Bigambo,Randomized Household Survey 4,Human,,No,639.991,Chunde ,"R-130820134308-976-41,R-130820140656-976-42,R-130820141411-976-43,R-130820142134-976-44,R-130820142958-976-45,R-130820143331-976-46,R-130820144144-976-47,R-130820144812-976-48,R-130820145646-976-49,R-130820150221-976-50",17:43,,Tarime,,,,Gorong a,Masurura,Kemoseti,,,
Aug,13/08/2020,3:55 PM,13/08/2020,-1.4304033,34.635905,10,R-130820141006-976-28,Mara,Mara,Machunde Bigambo,Randomized Household Survey 4,Human,,No,0,chunde,"R-130820141032-976-271,R-130820145037-976-272,R-130820145410-976-273,R-130820145841-976-274,R-130820150832-976-275,R-130820152532-976-276,R-130820153129-976-277,R-130820153908-976-278,R-130820154344-976-279,R-130820154951-976-280",14:55,,Tarime,,,,Gorong a,Kitawasi,Kitawasi Senta,,,
Aug,13/08/2020,2:09 PM,13/08/2020,-1.4337017,34.6682883,10,R-130820111702-976-27,Mara,Mara,Machunde Bigambo,Randomized Household Survey 4,Human,,No,0,chunde,"R-130820111728-976-261,R-130820121140-976-262,R-130820122703-976-263,R-130820123749-976-264,R-130820124246-976-265,R-130820131759-976-266,R-130820132820-976-267,R-130820135456-976-268,R-130820140438-976-269,R-130820140836-976-270",14:10,,Tarime,,,,Gorong a,Kitawasi,Remerera,,,
Aug,13/08/2020,11:16 AM,13/08/2020,-1.4305317,34.671605,10,R-130820092929-976-26,Mara,Mara,Machunde Bigambo,Randomized Household Survey 4,Human,,No,0,chunde,"R-130820093024-976-251,R-130820093713-976-252,R-130820095132-976-253,R-130820100201-976-254,R-130820101952-976-255,R-130820103156-976-256,R-130820103530-976-257,R-130820104705-976-258,R-130820105218-976-259,R-130820110603-976-260",11:16,,Tarime,,,,Gorong a,Kitawasi,Gibasisi,,,
Aug,14/08/2020,12:43 PM,14/08/2020,-1.4502317,34.6934767,10,R-140820114318-976-30,Mara,Mara,Machunde Bigambo,Randomized Household Survey 4,Human,,No,0,chunde,"R-140820114355-976-291,R-140820115302-976-292,R-140820115851-976-293,R-140820120440-976-294,R-140820121101-976-295,R-140820121251-976-296,R-140820121708-976-297,R-140820122129-976-298,R-140820122922-976-299,R-140820123545-976-300",12:44,,Tarime,,,,Gorong a,Masanga,Nyamerama,,,
Aug,14/08/2020,11:43 AM,14/08/2020,-1.4527417,34.6912967,10,R-140820103310-976-29,Mara,Mara,Machunde Bigambo,Randomized Household Survey 4,Human,,No,0,chunde,"R-140820103341-976-281,R-140820104902-976-282,R-140820105034-976-283,R-140820105851-976-284,R-140820110542-976-285,R-140820111240-976-286,R-140820111607-976-287,R-140820112728-976-288,R-140820113601-976-289,R-140820113832-976-290",11:44,,Tarime,,,,Gorong a,Masanga,Kemosae,,,
Aug,14/08/2020,4:15 PM,14/08/2020,-1.4863117,33.9111417,10,R-140820144250-1220-13,Mara,Mara,Ahmed Lugelo,Randomized Household Survey 4,Human,,No,0,Ahmed Lugelo,"R-140820144330-1220-112,R-140820145047-1220-113,R-140820150053-1220-114,R-140820151016-1220-115,R-140820151527-1220-116,R-140820152409-1220-117,R-140820153618-1220-118,R-140820154905-1220-119,R-140820160043-1220-120,R-140820160945-1220-121",15:43,some are hiding imfomations,Rorya,,,,,,,Komuge,Kyamwame,Kyabuganga
Aug,14/08/2020,2:32 PM,14/08/2020,-1.4887184,33.9114602,8,R-140820101538-1220-12,Mara,Mara,Ahmed Lugelo,Randomized Household Survey 4,Human,,No,0,Ahmed Lugelo,"R-140820101631-1220-102,R-140820102455-1220-103,R-140820103253-1220-104,R-140820104206-1220-105,R-140820104828-1220-106,R-140820110040-1220-107,R-140820140241-1220-108,R-140820140924-1220-109,R-140820141910-1220-110,R-140820142816-1220-111",14:27,good,Rorya,,,,,,,Komuge,Kyamwame,Mtakuja
Aug,14/08/2020,10:15 AM,16/08/2020,-1.4950467,33.90513,10,R-140820075216-1220-11,Mara,Mara,Ahmed Lugelo,Randomized Household Survey 4,Human,,No,0,Ahmed lugelo,"R-140820075247-1220-92,R-140820083406-1220-93,R-140820084430-1220-94,R-140820085406-1220-95,R-140820090503-1220-96,R-140820093159-1220-97,R-140820093805-1220-98,R-140820094720-1220-99,R-140820095702-1220-100,R-140820100446-1220-101",10:15,good,Rorya,,,,,,,"Komuge,Komuge","Kyamwame,Kyamwame","Kati,Kati"
Aug,13/08/2020,4:49 PM,16/08/2020,-1.4447867,33.92115,10,R-130820150449-1220-10,Mara,Mara,Ahmed Lugelo,Randomized Household Survey 4,Human,,No,0,Ahmed Lugelo,"R-130820150519-1220-82,R-130820151151-1220-83,R-130820151910-1220-84,R-130820152812-1220-85,R-130820154725-1220-86,R-130820155842-1220-87,R-130820161605-1220-88,R-130820162641-1220-89,R-130820163336-1220-90,R-130820164242-1220-91",16:47,nill,Rorya,,,,,,,"Komuge,Komuge","Komuge,Komuge","Songambele,Songambele"
Aug,13/08/2020,1:41 PM,16/08/2020,-1.4547505,33.8998294,10,R-130820112539-1220-9,Mara,Mara,Ahmed Lugelo,Randomized Household Survey 4,Human,,No,0,Ahmed Lugelo,"R-130820115535-1220-72,R-130820120602-1220-73,R-130820121346-1220-74,R-130820122733-1220-75,R-130820124244-1220-76,R-130820125107-1220-77,R-130820130013-1220-78,R-130820131127-1220-79,R-130820132156-1220-80,R-130820133248-1220-81",13:41,good,Rorya,,,,,,,"Komuge,Komuge","Komuge,Komuge","irindibwa,irindibwa"
Aug,15/08/2020,10:12 AM,18/08/2020,-1.3460352,34.3836465,10,R-140820103414-976-6,Mara,Mara,Machunde Bigambo,Randomized Household Survey 4,Human,,No,4.288,Chunde,"R-140820103437-976-51,R-140820113110-976-52,R-140820114349-976-53,R-140820115302-976-54,R-140820115720-976-55,R-140820120412-976-56,R-140820121117-976-57,R-140820122254-976-58,R-140820123943-976-59,R-140820124811-976-60",17:11,,Tarime,,,,"Gorong a,Gorong a,Gorong a","Masanga,Masanga,Masanga","Kemangari,Kemangari,Kemangari",,,
Aug,18/08/2020,12:01 PM,18/08/2020,-1.3548584,34.617087,10,R-180820102919-976-7,Mara,Mara,Machunde Bigambo,Randomized Household Survey 4,Human,,No,140.8,Chunde,"R-180820102945-976-61,R-180820104909-976-62,R-180820110235-976-63,R-180820111006-976-64,R-180820111801-976-65,R-180820112715-976-66,R-180820113402-976-67,R-180820114225-976-68,R-180820115015-976-69,R-180820115858-976-70",13:29,,Tarime,,,,Nyamwaga,Kimusi,Nyarusiaga,,,
Aug,18/08/2020,1:31 PM,18/08/2020,-1.3453154,34.6199145,10,R-180820120114-976-8,Mara,Mara,Machunde Bigambo,Randomized Household Survey 4,Human,,No,7.504,Chunde,"R-180820120142-976-71,R-180820122818-976-72,R-180820123623-976-73,R-180820124410-976-74,R-180820124913-976-75,R-180820125601-976-76,R-180820130651-976-77,R-180820131442-976-78,R-180820132211-976-79,R-180820132828-976-80",15:01,,Tarime,,,,Nyamwaga,Kimusi,Gwikunili,,,
Aug,18/08/2020,2:47 PM,18/08/2020,-1.3594408,34.6156625,10,R-180820133107-976-9,Mara,Mara,Machunde Bigambo,Randomized Household Survey 4,Human,,No,49.061,Chunde ,"R-180820133131-976-81,R-180820135026-976-82,R-180820135710-976-83,R-180820140352-976-84,R-180820140756-976-85,R-180820141133-976-86,R-180820141822-976-87,R-180820142513-976-88,R-180820143137-976-89,R-180820143858-976-90",16:31,,Tarime,,,,Nyamwaga,Kimusi,Senta,,,
Aug,19/08/2020,12:32 PM,19/08/2020,-1.4337808,34.5850051,10,R-190820111558-976-10,Mara,Mara,Machunde Bigambo,Randomized Household Survey 4,Human,,No,2174.396,Chunde ,"R-190820111627-976-91,R-190820113041-976-92,R-190820113939-976-93,R-190820114347-976-94,R-190820115521-976-95,R-190820120141-976-96,R-190820120630-976-97,R-190820121003-976-98,R-190820121837-976-99,R-190820123052-976-100",14:16,,Tarime,,,,Nyamwaga,Komarera,Moharango,,,
Aug,19/08/2020,2:08 PM,19/08/2020,-1.4275008,34.5919033,10,R-190820123220-976-11,Mara,Mara,Machunde Bigambo,Randomized Household Survey 4,Human,,No,3.9,Chunde ,"R-190820123246-976-101,R-190820125437-976-102,R-190820130022-976-103,R-190820131048-976-104,R-190820132715-976-105,R-190820133816-976-106,R-190820134258-976-107,R-190820134748-976-108,R-190820135943-976-109,R-190820140603-976-110",15:32,,Tarime,,,,Nyamwaga,Komarera,Ntarechagini,,,
Aug,19/08/2020,3:28 PM,01/09/2020,-1.4301804,34.5840281,10,R-190820140903-976-12,Mara,Mara,Machunde Bigambo,Randomized Household Survey 4,Human,,No,23.217,chunde ,"R-190820140925-976-111,R-190820143517-976-112,R-190820144113-976-113,R-190820144525-976-114,R-190820145029-976-115,R-190820145816-976-116,R-190820150450-976-117,R-190820151019-976-118,R-190820151944-976-119,R-190820152329-976-120",17:17,,Tarime,,,,"Nyamwaga,Nyamwaga,Nyamwaga","Komarera,Komarera,Komarera","Komarera Senta,Komarera Senta,Komarera Senta",,,
Aug,13/08/2020,3:57 PM,31/08/2020,-1.8993535,33.9598861,20,R-130820130248-2867-48,Mara,Mara,Hussein Hassan,Randomized Household Survey 4,Human,,No,542.828,Hussein Hassan ,"R-130820130446-2867-443,R-130820132048-2867-444,R-130820132259-2867-445,R-130820140239-2867-446,R-130820141036-2867-447,R-130820141904-2867-448,R-130820143120-2867-449,R-130820150659-2867-450,R-130820152458-2867-451,R-130820154953-2867-452",16:04,,Butiama,"Masaba,Masaba","Kwigutu,Kwigutu","Nyamaharaga,Nyamaharaga",,,,,,
Aug,13/08/2020,3:57 PM,31/08/2020,-1.8993535,33.9598861,20,R-130820130248-2867-48,Mara,Mara,Hussein Hassan,Randomized Household Survey 4,Human,,No,542.828,Hussein Hassan ,"R-130820130446-2867-443,R-130820132048-2867-444,R-130820132259-2867-445,R-130820140239-2867-446,R-130820141036-2867-447,R-130820141904-2867-448,R-130820143120-2867-449,R-130820150659-2867-450,R-130820152458-2867-451,R-130820154953-2867-452",16:04,,Butiama,"Masaba,Masaba","Kwigutu,Kwigutu","Nyamaharaga,Nyamaharaga",,,,,,
Aug,13/08/2020,11:55 AM,31/08/2020,-1.9007779,33.912397,13,R-130820093228-2867-47,Mara,Mara,Hussein Hassan,Randomized Household Survey 4,Human,,No,881.443,Hussein Hassan ,"R-130820100619-2867-433,R-130820100854-2867-434,R-130820101921-2867-435,R-130820103122-2867-436,R-130820104206-2867-437,R-130820104658-2867-438,R-130820110229-2867-439,R-130820110650-2867-440,R-130820112455-2867-441,R-130820113828-2867-442",12:12,,Butiama,"Masaba,Masaba","Kwigutu,Kwigutu","Butambahu,Butambahu",,,,,,
Aug,13/08/2020,11:55 AM,31/08/2020,-1.9007779,33.912397,13,R-130820093228-2867-47,Mara,Mara,Hussein Hassan,Randomized Household Survey 4,Human,,No,881.443,Hussein Hassan ,"R-130820100619-2867-433,R-130820100854-2867-434,R-130820101921-2867-435,R-130820103122-2867-436,R-130820104206-2867-437,R-130820104658-2867-438,R-130820110229-2867-439,R-130820110650-2867-440,R-130820112455-2867-441,R-130820113828-2867-442",12:12,,Butiama,"Masaba,Masaba","Kwigutu,Kwigutu","Butambahu,Butambahu",,,,,,
Aug,13/08/2020,9:32 AM,31/08/2020,-1.9860571,33.8869951,10,R-130820074808-2867-46,Mara,Mara,Hussein Hassan,Randomized Household Survey 4,Human,,Yes,4400,Hussein Hassan ,"R-130820074847-2867-423,R-130820075024-2867-424,R-130820075723-2867-425,R-130820080230-2867-426,R-130820081240-2867-427,R-130820082306-2867-428,R-130820084032-2867-429,R-130820090540-2867-430,R-130820090904-2867-431,R-130820092240-2867-432",09:32,,Butiama,"Masaba,Masaba","Kwigutu,Kwigutu","Kukigumu,Kukigumu",,,,,,
Aug,19/08/2020,1:22 PM,01/09/2020,-1.396985,34.6037367,10,R-190820122410-976-36,Mara,Mara,Machunde Bigambo,Randomized Household Survey 4,Human,,No,0,chunde,"R-190820122448-976-351,R-190820124202-976-352,R-190820124404-976-353,R-190820124532-976-354,R-190820125129-976-355,R-190820125308-976-356,R-190820130305-976-357,R-190820130400-976-358,R-190820130958-976-359,R-190820131122-976-360",13:21,,Tarime,,,,"Nyamwaga,Nyamwaga","Keisangora,Keisangora","Keruta,Keruta",,,
Aug,18/08/2020,11:03 AM,01/09/2020,0,0,10,R-180820093547-976-31,Mara,Mara,Machunde Bigambo,Randomized Household Survey 4,Human,,No,0,chunde,"R-180820093654-976-301,R-180820095446-976-302,R-180820100019-976-303,R-180820101547-976-304,R-180820102949-976-305,R-180820103625-976-306,R-180820104227-976-307,R-180820105012-976-308,R-180820105748-976-309,R-180820110053-976-310",11:04,,Tarime,,,,"Nyamwaga,Nyamwaga","Gwitare,Gwitare","Gwitare Senta,Gwitare Senta",,,
Aug,19/08/2020,12:24 PM,01/09/2020,-1.3947421,34.6094198,10,R-190820111359-976-35,Mara,Mara,Machunde Bigambo,Randomized Household Survey 4,Human,,No,0,chunde,"R-190820111504-976-341,R-190820112351-976-342,R-190820113153-976-343,R-190820113923-976-344,R-190820115037-976-345,R-190820115518-976-346,R-190820115933-976-347,R-190820120804-976-348,R-190820121507-976-349,R-190820121745-976-350",12:23,,Tarime,,,,"Nyamwaga,Nyamwaga","Keisangora,Keisangora","Keisunguruta,Keisunguruta",,,
Aug,18/08/2020,12:34 PM,01/09/2020,-1.3725917,34.597815,10,R-180820110316-976-32,Mara,Mara,Machunde Bigambo,Randomized Household Survey 4,Human,,No,0,chunde,"R-180820110436-976-311,R-180820111558-976-312,R-180820112614-976-313,R-180820113339-976-314,R-180820113535-976-315,R-180820115721-976-316,R-180820120901-976-317,R-180820121106-976-318,R-180820122429-976-319,R-180820122812-976-320",12:34,,Tarime,,,,"Nyamwaga,Nyamwaga","Gwitare,Gwitare","Ronkore,Ronkore",,,
Aug,19/08/2020,11:13 AM,01/09/2020,-1.39618,34.6069067,10,R-180820142405-976-34,Mara,Mara,Machunde Bigambo,Randomized Household Survey 4,Human,,No,0,chunde,"R-190820100933-976-331,R-190820101613-976-332,R-190820102103-976-333,R-190820103158-976-334,R-190820103713-976-335,R-190820103820-976-336,R-190820105443-976-337,R-190820110000-976-338,R-190820110545-976-339,R-190820110808-976-340",11:13,,Tarime,,,,"Nyamwaga,Nyamwaga","Keisangora,Keisangora","Gonyi,Gonyi",,,
Aug,18/08/2020,2:00 PM,01/09/2020,-1.3662067,34.6062117,10,R-180820123420-976-33,Mara,Mara,Machunde Bigambo,Randomized Household Survey 4,Human,,No,0,chunde,"R-180820123500-976-321,R-180820124647-976-322,R-180820125746-976-323,R-180820125943-976-324,R-180820131316-976-325,R-180820132321-976-326,R-180820132926-976-327,R-180820133656-976-328,R-180820134655-976-329,R-180820135629-976-330",14:00,,Tarime,,,,"Nyamwaga,Nyamwaga","Gwitare,Gwitare","Nyamiobo,Nyamiobo",,,